{"version":"0.2","x":85,"y":58,"width":217,"height":255,"scale":1.0,"color":0,"transparent":true,"strokes":[{"width":2.5,"color":-1,"type":"pen","data":[71.09375,86.5,0.18759161,70.625,86.78572,0.492366,70.4375,86.5,0.49533504,70.4375,86.28572,0.49926633,70.625,86.14287,0.5012204,70.90625,85.64287,0.50413734,71.1875,85.07144,0.50703746,71.5625,84.28572,0.50896174,71.9375,83.35715,0.51278853,72.40625,82.35715,0.5175323,72.6875,81.85715,0.5175323,73.15625,81.28572,0.51847583,73.53125,80.714294,0.5194177,73.625,80.14287,0.52129626,74.09375,79.5,0.52223295,74.5625,78.85715,0.52129626,74.9375,78.35715,0.52129626,75.3125,77.714294,0.52129626,75.59375,77.214294,0.52129626,75.96875,76.64287,0.52223295,76.15625,76.07144,0.523168,76.53125,75.42857,0.523168,76.90625,74.85715,0.5203578,77.09375,74.35715,0.52223295,77.28125,73.714294,0.523168,77.5625,73.14287,0.523168,78.03125,72.78572,0.5203578,78.40625,72.57144,0.5203578,78.96875,72.42857,0.5203578,79.625,72.35715,0.52129626,80.1875,72.35715,0.52223295,80.75,72.64287,0.52223295,81.40625,72.85715,0.52223295,82.0625,73.28572,0.52129626,82.53125,73.5,0.5194177,83.09375,73.714294,0.5203578,83.65625,74.07144,0.52129626,84.125,74.35715,0.5203578,84.59375,74.64287,0.5194177,85.34375,74.78572,0.5203578,86.0,75.14287,0.52223295,86.65625,75.42857,0.52223295,87.125,75.714294,0.52129626,87.6875,76.07144,0.52129626,88.15625,76.35715,0.52129626,88.71875,76.57144,0.52223295,89.375,76.85715,0.52223295,89.84375,77.214294,0.5194177,90.5,77.5,0.5203578,91.0625,77.78572,0.5194177,91.625,78.07144,0.5203578,92.09375,78.35715,0.52129626,92.65625,78.64287,0.52129626,93.125,79.07144,0.5203578,93.59375,79.35715,0.5194177,94.15625,79.714294,0.5194177,94.71875,79.85715,0.52129626,95.28125,80.28572,0.52129626,95.84375,80.57144,0.5203578,96.3125,81.0,0.5194177,96.875,81.42857,0.5194177,97.4375,81.714294,0.5194177,97.90625,82.07144,0.52129626,98.46875,82.35715,0.52129626,98.9375,82.78572,0.52223295,99.5,83.214294,0.5203578,100.0625,83.5,0.5194177,100.625,83.85715,0.51847583,101.09375,84.214294,0.5203578,101.65625,84.5,0.5203578,102.21875,84.85715,0.5203578,102.78125,85.35715,0.5203578,103.15625,85.78572,0.52129626,103.625,86.214294,0.52129626,104.0,86.64287,0.5175323,104.375,87.214294,0.5194177,104.75,87.64287,0.52129626,105.125,88.214294,0.52223295,105.59375,88.64287,0.523168,105.875,89.14287,0.52223295,106.25,89.57144,0.52223295,106.625,90.14287,0.52223295,107.09375,90.57144,0.52223295,107.5625,91.0,0.52129626,108.03125,91.42857,0.52223295,108.40625,92.0,0.52129626,108.6875,92.5,0.52129626,109.15625,93.0,0.52410144]},{"width":2.5,"color":-1,"type":"pen","data":[74.75,90.5,0.4710588,74.84375,90.64287,0.47519097,75.125,90.78572,0.4792875,75.59375,91.07144,0.4813227,76.15625,91.214294,0.48334935,76.90625,91.5,0.48435947,77.75,91.78572,0.4853675,78.96875,92.07144,0.48737732,80.1875,92.42857,0.48837912,80.75,92.64287,0.4913723,81.3125,92.85715,0.492366,81.875,93.214294,0.492366,82.53125,93.35715,0.49335766,83.09375,93.57144,0.49533504,83.65625,93.85715,0.4982864,84.125,94.14287,0.5012204,84.6875,94.42857,0.5031669,85.25,94.78572,0.5051059,85.8125,95.14287,0.5080005,86.46875,95.5,0.5080005,87.03125,96.0,0.5080005,87.59375,96.214294,0.5080005,88.15625,96.5,0.50896174,88.71875,96.714294,0.50703746,89.28125,97.07144,0.5021946,89.75,97.42857,0.5051059,90.3125,97.78572,0.50703746,90.78125,98.14287,0.50896174,91.15625,98.5,0.50703746,91.71875,98.85715,0.50703746,92.09375,99.28572,0.5080005,92.65625,99.78572,0.5080005,93.125,100.28572,0.50703746,93.59375,100.57144,0.5080005,94.0625,101.0,0.50703746,94.53125,101.28572,0.50896174,95.09375,101.57144,0.5080005,95.65625,102.14287,0.50703746,96.125,102.5,0.5060726,96.59375,102.85715,0.5051059,97.15625,103.35715,0.5060726,97.53125,103.78572,0.5051059,97.90625,104.214294,0.5060726,98.375,104.714294,0.5060726,98.75,105.214294,0.5060726,99.03125,105.64287,0.50703746,99.40625,106.28572,0.5080005,99.6875,106.78572,0.50992113,99.96875,107.35715,0.5108787,100.34375,107.85715,0.5108787]},{"width":2.5,"color":-1,"type":"pen","data":[102.21875,109.42857,0.14994296,101.375,109.57144,0.43209463,100.625,109.64287,0.4421577,99.875,109.714294,0.46479166,99.5,110.07144,0.4731294,99.125,110.35715,0.48435947,98.65625,110.78572,0.49335766,98.1875,111.35715,0.5012204,97.8125,112.214294,0.50703746,97.34375,113.000015,0.51278853,96.96875,113.64287,0.5146913,96.40625,114.35715,0.5175323,96.03125,115.07144,0.52129626,95.65625,115.85715,0.52410144,95.1875,116.57144,0.5278185,94.71875,117.35715,0.5315096,94.25,118.14287,0.5351752,93.875,118.78572,0.5369986,93.5,119.42857,0.5388159,93.125,120.07144,0.5388159,92.84375,120.64287,0.5397222,92.5625,121.214294,0.5397222,92.09375,121.714294,0.5397222,92.46875,122.000015,0.5397222,92.75,122.14287,0.5397222,93.125,122.28572,0.5388159,93.6875,122.35715,0.5388159,94.25,122.35715,0.5388159,95.0,122.28572,0.537908,95.75,122.14287,0.5369986,96.6875,122.000015,0.537908,97.25,121.85715,0.5397222,98.0,121.78572,0.5388159,98.65625,121.714294,0.5397222,99.3125,121.57144,0.5397222,100.0625,121.42857,0.5397222,100.71875,121.214294,0.5397222,101.5625,121.000015,0.5397222,102.3125,120.78572,0.54062706,103.0625,120.57144,0.5397222,103.71875,120.35715,0.54062706,104.46875,120.14287,0.54062706,105.21875,119.85715,0.5397222,105.96875,119.714294,0.537908,106.8125,119.42857,0.537908,107.65625,119.28572,0.5369986,108.40625,119.14287,0.5369986,109.15625,119.07144,0.5369986,110.09375,119.000015,0.5351752,110.84375,118.85715,0.5369986,111.59375,118.78572,0.5369986,112.4375,118.78572,0.5397222,113.1875,118.85715,0.5424321,114.03125,118.85715,0.5424321,114.78125,118.85715,0.54333246,115.625,118.85715,0.54333246,116.28125,118.85715,0.54333246,117.125,118.85715,0.54423124,117.78125,118.78572,0.54512864,118.4375,118.78572,0.54512864,119.1875,118.78572,0.54512864,119.9375,118.714294,0.54512864,120.5,118.64287,0.54512864,121.15625,118.64287,0.54333246,121.90625,118.714294,0.5424321,122.46875,118.78572,0.5415304,123.125,118.85715,0.5424321,123.6875,118.85715,0.54512864,124.25,118.85715,0.5460245,124.625,118.57144,0.54423124,125.0,118.28572,0.54333246,125.28125,117.85715,0.54333246,125.46875,117.28572,0.5424321,125.46875,116.714294,0.54423124,125.46875,116.14287,0.54691887,125.375,115.42857,0.5478118,125.1875,114.57144,0.54691887,125.1875,113.85715,0.54691887,125.1875,113.28572,0.5460245,125.09375,112.57144,0.5460245,124.90625,111.85715,0.5460245,124.8125,111.14287,0.54512864,124.71875,110.35715,0.5460245,124.625,109.57144,0.5460245,124.53125,109.0,0.54512864,124.4375,108.28572,0.54512864,124.25,107.64287,0.54512864,124.15625,107.0,0.54512864,124.15625,106.28572,0.54691887,124.0625,105.57144,0.5460245,124.0625,104.85715,0.5460245,123.875,104.28572,0.5460245,123.6875,103.64287,0.5460245,123.5,103.14287,0.5460245,123.40625,102.35715,0.5460245,123.125,101.64287,0.54512864,122.9375,101.0,0.54512864,122.65625,100.214294,0.5460245,122.5625,99.35715,0.54423124,122.46875,98.57144,0.54512864,122.375,97.714294,0.5460245,122.46875,97.0,0.54512864,122.28125,96.35715,0.5460245,122.1875,95.64287,0.5460245,122.1875,95.07144,0.5460245,122.09375,94.5,0.54512864,121.90625,94.0,0.54423124,121.71875,93.42857,0.54423124,121.53125,92.85715,0.54423124,121.25,92.28572,0.54333246,120.96875,91.714294,0.54333246,120.78125,91.14287,0.54512864,120.59375,90.57144,0.54512864,120.5,90.0,0.54512864,120.3125,89.42857,0.5460245,120.125,88.85715,0.5460245,119.65625,88.5,0.54512864,119.09375,88.35715,0.5460245,118.71875,88.214294,0.5460245,118.0625,88.35715,0.54512864,117.5,88.5,0.54423124,116.84375,88.78572,0.54512864,116.1875,89.28572,0.5460245,115.53125,89.85715,0.5460245,115.15625,90.35715,0.54512864,114.59375,90.85715,0.54512864,114.125,91.35715,0.5460245,113.84375,91.714294,0.54691887,113.375,92.214294,0.5460245,112.90625,92.57144,0.5460245,112.4375,93.14287,0.54691887,112.0625,93.5,0.54870325,111.59375,93.85715,0.54870325,111.125,94.28572,0.5522548,110.84375,94.78572,0.5531391,110.46875,95.28572,0.554022,110.09375,95.714294,0.5522548]},{"width":2.5,